断面,采样编号,EC,COD,Mn,采样与仪器状态,数据质量标记
A,1,210,12.4,0.08,正常,未发现数据质量问题
A,2,215,11.8,0.09,正常,未发现数据质量问题
A,3,208,13.1,0.07,正常,未发现数据质量问题
A,4,220,12.0,NA,仪器基线调零故障,Mn缺失（原值-99.0；仪器故障）
A,5,212,12.6,0.08,正常,未发现数据质量问题
A,6,218,11.5,0.09,正常,未发现数据质量问题
A,7,205,12.8,0.07,正常,未发现数据质量问题
A,8,214,12.2,0.08,正常,未发现数据质量问题
B,1,850,48.5,1.25,正常,未发现数据质量问题
B,2,880,52.1,1.38,正常,未发现数据质量问题
B,3,830,45.0,1.18,正常,未发现数据质量问题
B,4,860,50.2,NA,样品消解管破损,Mn缺失（原值NA；消解管破损）
B,5,890,55.4,1.42,正常,未发现数据质量问题
B,6,840,47.8,1.2,正常,未发现数据质量问题
B,7,870,51.0,1.31,正常,未发现数据质量问题
B,8,865,49.6,1.28,正常,未发现数据质量问题
C,1,430,24.5,0.45,正常,未发现数据质量问题
C,2,450,26.8,0.52,正常,未发现数据质量问题
C,3,420,22.0,0.39,正常,未发现数据质量问题
C,4,440,25.1,0.48,正常,未发现数据质量问题
C,5,460,28.0,0.56,正常,未发现数据质量问题
C,6,435,23.9,0.42,正常,未发现数据质量问题
C,7,455,27.2,0.51,正常,未发现数据质量问题
C,8,445,25.5,0.47,正常,未发现数据质量问题
