断面,指标,单位,有效样本量n,均值,样本标准差,中位数,最小值,最大值,均值95%CI下限,均值95%CI上限
A,EC,μS/cm,8,212.75,5.035587637718447,213.0,205.0,220.0,208.54014338216743,216.95985661783257
A,COD,mg/L,8,12.3,0.5318431562567509,12.3,11.5,13.1,11.855367994343776,12.744632005656225
A,Mn,mg/L,7,0.08,0.008164965809277256,0.08,0.07,0.09,0.07244866608612777,0.08755133391387224
B,EC,μS/cm,8,860.625,20.077973005261263,862.5,830.0,890.0,843.8393945036851,877.4106054963149
B,COD,mg/L,8,49.95,3.090076281998784,49.900000000000006,45.0,55.4,47.36663157881727,52.533368421182736
B,Mn,mg/L,7,1.2885714285714285,0.08877472827867387,1.28,1.18,1.42,1.2064684985648075,1.3706743585780494
C,EC,μS/cm,8,441.875,13.346347815039138,442.5,420.0,460.0,430.7171739992803,453.0328260007197
C,COD,mg/L,8,25.375,1.9521050908478996,25.3,22.0,28.0,23.742999302831286,27.007000697168714
C,Mn,mg/L,8,0.475,0.05529143565818181,0.475,0.39,0.56,0.42877520300281696,0.521224796997183
