断面,指标,单位,有效样本量,均值,样本标准差,中位数,最小值,最大值,均值95%置信区间
A,EC,μS/cm,8,212.8,5.0,213.0,205.0,220.0,"[208.5, 217.0]"
A,COD,mg/L,8,12.30,0.53,12.30,11.50,13.10,"[11.86, 12.74]"
A,Mn,mg/L,7,0.080,0.008,0.080,0.070,0.090,"[0.072, 0.088]"
B,EC,μS/cm,8,860.6,20.1,862.5,830.0,890.0,"[843.8, 877.4]"
B,COD,mg/L,8,49.95,3.09,49.90,45.00,55.40,"[47.37, 52.53]"
B,Mn,mg/L,7,1.289,0.089,1.280,1.180,1.420,"[1.206, 1.371]"
C,EC,μS/cm,8,441.9,13.3,442.5,420.0,460.0,"[430.7, 453.0]"
C,COD,mg/L,8,25.38,1.95,25.30,22.00,28.00,"[23.74, 27.01]"
C,Mn,mg/L,8,0.475,0.055,0.475,0.390,0.560,"[0.429, 0.521]"
